{"stat.flyOneCm":42111,"stat.walkOneCm":46204,"stat.jump":35,"stat.playOneMinute":18388,"stat.useItem.minecraft.redstone_lamp":20,"stat.useItem.minecraft.lever":8,"stat.useItem.minecraft.bed":1,"stat.pickup.minecraft.redstone_torch":1,"stat.pickup.minecraft.repeater":2,"stat.useItem.minecraft.redstone":38,"stat.useItem.minecraft.repeater":7,"stat.leaveGame":1,"stat.sneakTime":213,"stat.useItem.minecraft.iron_block":19,"stat.crouchOneCm":152,"stat.sleepInBed":1,"stat.timeSinceDeath":18388,"stat.useItem.minecraft.stained_hardened_clay":12,"stat.useItem.minecraft.redstone_torch":11,"stat.useItem.minecraft.dirt":3,"stat.sprintOneCm":358,"stat.useItem.minecraft.sign":4,"stat.useItem.minecraft.concrete":33}